name,date,volume
Proceedings of the IEEE International Conference on Computer Vision-0,2020-03-20,0
Proceedings of the IEEE International Conference on Computer Vision-1,2019-03-20,1
Proceedings of the IEEE International Conference on Computer Vision-2,2018-03-20,2
Proceedings of the IEEE International Conference on Computer Vision-3,2017-03-20,3
Proceedings of the IEEE International Conference on Computer Vision-4,2016-03-20,4
Proceedings of the IEEE International Conference on Computer Vision-5,2015-03-20,5
Proceedings of the IEEE International Conference on Computer Vision-6,2014-03-20,6
Proceedings of the IEEE International Conference on Computer Vision-7,2013-03-20,7
Proceedings of the IEEE International Conference on Computer Vision-8,2012-03-20,8
Proceedings of the IEEE International Conference on Computer Vision-9,2011-03-20,9
IEEE Transactions on Pattern Analysis and Machine Intelligence-0,2020-03-20,0
IEEE Transactions on Pattern Analysis and Machine Intelligence-1,2019-03-20,1
IEEE Transactions on Pattern Analysis and Machine Intelligence-2,2018-03-20,2
IEEE Transactions on Pattern Analysis and Machine Intelligence-3,2017-03-20,3
IEEE Transactions on Pattern Analysis and Machine Intelligence-4,2016-03-20,4
IEEE Transactions on Pattern Analysis and Machine Intelligence-5,2015-03-20,5
IEEE Transactions on Pattern Analysis and Machine Intelligence-6,2014-03-20,6
IEEE Transactions on Pattern Analysis and Machine Intelligence-7,2013-03-20,7
IEEE Transactions on Pattern Analysis and Machine Intelligence-8,2012-03-20,8
IEEE Transactions on Pattern Analysis and Machine Intelligence-9,2011-03-20,9
ICFP-0,2020-03-20,0
ICFP-1,2019-03-20,1
ICFP-2,2018-03-20,2
ICFP-3,2017-03-20,3
ICFP-4,2016-03-20,4
ICFP-5,2015-03-20,5
ICFP-6,2014-03-20,6
ICFP-7,2013-03-20,7
ICFP-8,2012-03-20,8
ICFP-9,2011-03-20,9
